id;assinado;ativo;date_created;diretorio;documento_id;hash;hash_conteudo;historico;lacuna_token;last_update;mime_type;nome
1;Ergonomic Incrível;67337;2022-08-29;deposit da bypass;6927;cultivate Alameda even-keeled;Administrator Gostoso up;true;Liaison;2022-08-29;markets azul Orchestrator;Música
2;Metal;94384;2022-08-30;streamline Creative;61799;enable;bifurcated;true;Developer parsing;2022-08-30;virtual deposit Turcas;Rodovia bi-directional programming
3;Frango Lindo;17692;2022-08-29;Functionality Ergonômico withdrawal;47051;Rua Carro Division;Dynamic;false;Alameda;2022-08-29;copying;Tala repurpose
4;Jardim Granito;56161;2022-08-30;Camiseta;38405;quantifying multi-byte;Salsicha;false;Automotivo firewall e;2022-08-29;port Planner;Specialist
5;Mesa hacking;41720;2022-08-29;synthesizing Atum;66372;Incrível Markets deposit;Avenida copying even-keeled;true;copy Aço Refinado;2022-08-29;Berkshire invoice;Alameda
6;disintermediate;58140;2022-08-29;Granito Mobility;84548;Balanced Product;Borders microchip Sabonete;true;Avenida solid;2022-08-29;initiatives;Borders connect bypass
7;Managed;74508;2022-08-29;Savings payment;15841;Romênia Face Congelado;Moroccan Global;false;success;2022-08-30;Account;sensor Inteligente
8;SDD Gibraltar Calças;7378;2022-08-29;Rústico Algodão copy;11322;Paraná deposit;Direct Rupee;false;Account;2022-08-29;Maiote hierarchy;de Orchestrator alliance
9;Madeira;6969;2022-08-29;Fresco Manager Aço;68772;5th Loan Borders;Macio Venezuela iterate;false;cenoura;2022-08-29;sensor attitude-oriented;applications
10;Jardim;41786;2022-08-29;invoice Santo;92793;Corporate Turismo web-readiness;Plástico;false;Salsicha capacity solid;2022-08-30;Aço;Marginal Avenida
